Pseudo-Label Method, 1. Buildings, 2. Manmade Structures, 3. Road, 4. Track, 5. Trees, 6. Crops, 7. Waterway, 8. Standing Water, 9. Vehicle Large, 10. Vehicle Small, Mean IOU
No Pseudo Label, 0.1644606, 0.0290053, 0.2285901, 0.0723870, 0.2471972, 0.5572568, 0.2896602, 0.2675000, 0.0024786, 0.0049313, 0.1863467
Pseudo Label, 0.3032174, 0.0401861, 0.3649967, 0.0514669, 0.2516318, 0.5176333, 0.4566408, 0.2421462, 0.0000057, 0.0003626, 0.2228288
Balanced Pseudo Label, 0.1536299, 0.0178203, 0.1596308, 0.0314346, 0.2566505, 0.4672880, 0.2819160, 0.1157555, 0.0000944, 0.0001223, 0.1484342
Teacher-Student Paradigm, 0.2012700, 0.0310585, 0.3028641, 0.0529033, 0.2624464, 0.5547530, 0.3221974, 0.1654281, 0.0000267, 0.0010745, 0.1894022
Balanced Teacher-Student, 0.0895041, 0.0173756, 0.1683035, 0.0442861, 0.2442768, 0.5459809, 0.2364196, 0.1260501, 0.0002525, 0.0001753, 0.1472624
