Pseudo-Label Method, 1. Buildings, 2. Manmade Structures, 3. Road, 4. Track, 5. Trees, 6. Crops, 7. Waterway, 8. Standing Water, 9. Vehicle Large, 10. Vehicle Small, Mean IOU
No Pseudo Label, 0.0703728, 0.0226794, 0.2228788, 0.0825699, 0.2797845, 0.6364706, 0.3047077, 0.1243059, 0.0000008, 0.0000249, 0.1743795
Pseudo Label, 0.2842490, 0.0338031, 0.3944441, 0.0471401, 0.2605804, 0.4934781, 0.4765123, 0.0998321, 0.0000249, 0.0010124, 0.2091077
Balanced Pseudo Label, 0.2874461, 0.0328836, 0.3550376, 0.0364992, 0.2542646, 0.4594523, 0.3264604, 0.1177696, 0.0002019, 0.0015155, 0.1871531
Teacher-Student Paradigm, 0.3207413, 0.0405741, 0.3548445, 0.0712806, 0.2548255, 0.6048725, 0.4553360, 0.2036142, 0.0000158, 0.0084585, 0.2314563
Balanced Teacher-Student, 0.2552860, 0.0325691, 0.3152330, 0.0658389, 0.2601433, 0.5804452, 0.3687994, 0.1336573, 0.0000316, 0.0002144, 0.2012219
