Pseudo-Label Method, 1. Buildings, 2. Manmade Structures, 3. Road, 4. Track, 5. Trees, 6. Crops, 7. Waterway, 8. Standing Water, 9. Vehicle Large, 10. Vehicle Small, Mean IOU
No Pseudo Label, 0.0914536, 0.0266212, 0.1889631, 0.0464232, 0.3700810, 0.5603790, 0.2982694, 0.1263752, 0.0000214, 0.0004233, 0.1709010
Pseudo Label, 0.1333374, 0.0142706, 0.2080132, 0.0336234, 0.2647502, 0.4087420, 0.2304604, 0.0667292, 0.0000025, 0.0013614, 0.1361290
Balanced Pseudo Label, 0.2055531, 0.0133703, 0.2689811, 0.0327121, 0.2931964, 0.5124154, 0.1808297, 0.0836999, 0.0000002, 0.0008897, 0.1591648
Teacher-Student Paradigm, 0.2517060, 0.0524265, 0.4458724, 0.0659512, 0.3347352, 0.6035575, 0.3623762, 0.2251231, 0.0000021, 0.0000548, 0.2341805
Balanced Teacher-Student, 0.1640979, 0.0247600, 0.1982181, 0.0428519, 0.3372403, 0.4596679, 0.2292990, 0.1075817, 0.0000264, 0.0001564, 0.1563900
